Nome,Cognome,DataNascita,LuogoNascita,CodiceFiscale,RagioneSociale,Indirizzo,Email,Email_2,Telefono,Telefono_2,PartitaIva,Documento,DataRichiesta,DataAmmissione,DataAnnulamento,Note,Tipologia
Nonna,Pina,1934-06-22,Carpi,87391872391,,via Ceppi 34,nonnamria@mail.it,,504-264-8541,,,97-9321992,2018-09-18,,,grande nonna maria,Ordinario
Osbourn,Maypole,1981-07-26,Lindi,23-101-1797,Skiba,5 Thackeray Center,omaypole1@craigslist.org,,480-202-6108,,,53-8853719,2018-01-11,2018-08-10,,"Quisque porta volutpat erat. Quisque erat eros, viverra eget, congue eget, semper rutrum, nulla. Nunc purus.",Ordinario
Arlyne,Chell,2002-01-07,Montgomery,86-156-9193,Thoughtsphere,18 Morning Court,achell2@gizmodo.com,,334-527-8126,,,20-3289288,2018-06-02,2018-06-28,,"Duis aliquam convallis nunc. Proin at turpis a pede posuere nonummy. Integer non velit.

Donec diam neque, vestibulum eget, vulputate ut, ultrices vel, augue. Vestibulum ante ipsum primis in faucibus orci luctus et ultrices posuere cubilia Curae; Donec pharetra, magna vestibulum aliquet ultrices, erat tortor sollicitudin mi, sit amet lobortis sapien sapien non mi. Integer ac neque.

Duis bibendum. Morbi non quam nec dui luctus rutrum. Nulla tellus.",Ordinario
Ara,Dehm,1986-11-06,Shifang,77-243-5119,Kanoodle,7328 International Parkway,adehm3@un.org,,685-560-7233,,,51-9647266,2018-06-12,2018-01-18,,"Proin leo odio, porttitor id, consequat in, consequat ut, nulla. Sed accumsan felis. Ut at dolor quis odio consequat varius.",Ordinario
Judah,Hodgins,2011-03-22,Salvador,95-648-7849,,42 Northview Lane,jhodgins4@senate.gov,,662-864-5078,,,24-6615707,2018-07-09,,,,Ordinario
Faustine,Ruskin,1967-07-25,Hamburg,55-559-0691,,4369 Sherman Junction,fruskin5@wired.com,,515-890-5863,,,72-7775591,2018-09-15,,,,Ordinario
Garv,Watt,1967-12-31,Mesa,02-559-5153,,120 Dennis Center,gwatt6@thetimes.co.uk,,602-710-4510,,,18-7585235,2018-07-01,,,,Ordinario
Felike,Rolley,1968-07-23,Wulong,92-769-1226,,13 Dapin Crossing,frolley7@hostgator.com,,506-762-0172,,,47-2276438,2018-03-24,,,,Ordinario
Ysabel,Dwerryhouse,1966-04-13,Bello,00-885-1450,,909 Lindbergh Park,ydwerryhouse8@nih.gov,ydwerryhouse8@dailymotion.com,887-220-2509,545-495-6377,,73-5469984,2018-05-25,,2018-04-16,,Ordinario
Anne,Shackle,1990-07-31,Havířov,92-662-6548,,6 Rockefeller Avenue,ashackle9@shinystat.com,ashackle9@economist.com,226-647-0260,125-103-5858,,99-2011411,2018-06-29,,2018-09-05,,Ordinario
Bendix,Rhodus,1977-03-24,Sobreiro,29-779-9390,,00 4th Pass,brhodusa@list-manage.com,,838-125-2241,,5583297935153482,46-3241166,2018-02-25,,,,Ordinario
Shannen,Carlos,1977-08-11,Guyi,42-637-5486,,8657 Logan Point,scarlosb@tripod.com,,910-596-8352,,,79-9570883,2018-03-21,,,,Ordinario
Mariana,Hall-Gough,1978-02-05,San Clemente,73-208-7953,,94204 Kingsford Alley,mhallgoughc@pcworld.com,,873-483-3128,,,86-1510554,2018-02-20,,,,Ordinario
Reagen,Killick,1972-09-22,Tyresö,42-298-6992,,455 Dennis Street,rkillickd@linkedin.com,,726-586-6857,,,63-0932502,2018-08-26,,,,Ordinario
Anallise,Limmer,1977-03-14,Krajan Dua Padomasan,15-098-6568,,888 Ridgeview Hill,alimmere@parallels.com,,269-213-5572,,,64-4570516,2018-08-10,,,,Ordinario
Bondon,Dimic,1962-11-07,Uddevalla,09-659-5959,,4 Chive Hill,bdimicf@wordpress.org,bdimicf@latimes.com,250-674-3181,656-613-2790,,35-0566133,2018-08-05,,2018-09-18,,Ordinario
Nevil,Kitchiner,1978-09-24,Gelatik,47-602-4839,,32365 American Center,nkitchinerg@unesco.org,,352-361-9893,,,23-1182318,2018-09-07,,,,Ordinario
Pauly,Kits,1971-11-18,Longcang,15-967-7710,,38726 Raven Avenue,pkitsh@sun.com,,777-391-2683,,,74-0669359,2018-07-01,,,,Ordinario
Gail,Dallow,2012-09-14,Rafaï,32-856-9134,,45 Manitowish Drive,gdallowi@com.com,,622-732-9631,,,74-7671963,2018-03-06,,,,Ordinario
Theodora,Imlin,1967-03-06,Federal,51-396-9194,,842 Shasta Crossing,timlinj@state.tx.us,,717-705-5869,,,66-1882922,2018-10-01,,,,Ordinario
Bryanty,Kirkbright,1982-09-08,Lons-le-Saunier,73-960-4301,Fiveclub,2829 Shoshone Place,bkirkbrightk@yellowbook.com,,189-500-3829,,,09-6960843,2018-05-20,2018-01-02,,"Morbi non lectus. Aliquam sit amet diam in magna bibendum imperdiet. Nullam orci pede, venenatis non, sodales sed, tincidunt eu, felis.

Fusce posuere felis sed lacus. Morbi sem mauris, laoreet ut, rhoncus aliquet, pulvinar sed, nisl. Nunc rhoncus dui vel sem.

Sed sagittis. Nam congue, risus semper porta volutpat, quam pede lobortis ligula, sit amet eleifend pede libero quis orci. Nullam molestie nibh in lectus.",Ordinario
Matt,Duinbleton,2014-02-08,Linköping,50-020-5221,,7441 Gale Plaza,mduinbletonl@ca.gov,,656-699-6177,,,95-5183443,2018-08-20,,,,Ordinario
Loretta,Westlake,2013-03-25,Armenia,56-541-2005,,63 Heffernan Place,lwestlakem@wiley.com,,737-984-6245,,,57-1372872,2018-06-05,,,,Ordinario
Constancia,Forseith,1961-09-02,Lesuhe,62-994-3037,Lazzy,225 Hanover Way,cforseithn@histats.com,,865-304-2946,,,30-1660766,2018-03-09,2018-05-12,,"Proin eu mi. Nulla ac enim. In tempor, turpis nec euismod scelerisque, quam turpis adipiscing lorem, vitae mattis nibh ligula nec sem.

Duis aliquam convallis nunc. Proin at turpis a pede posuere nonummy. Integer non velit.",Ordinario
Jasen,Ketteman,1989-08-29,Jobabo,22-431-2696,,3 Huxley Pass,jkettemano@tamu.edu,,591-722-7338,,,56-6880715,2018-06-24,,,,Ordinario
Charity,Treweke,1973-06-22,Mingjing,25-074-1789,,9176 Forest Run Crossing,ctrewekep@xrea.com,,731-705-3419,,3536014822507172,52-6593668,2018-02-19,,,,Ordinario
Alidia,Cornfoot,1975-08-05,Kalwaria Zebrzydowska,77-772-8914,,688 Orin Drive,acornfootq@google.ca,,238-731-8294,,,51-0340179,2018-02-03,,,,Ordinario
Merrill,Abeau,1989-03-24,San Miguel Dueñas,00-841-7311,,7497 Springview Street,mabeaur@chron.com,mabeaur@ebay.co.uk,375-508-3791,201-941-1962,,82-7141741,2018-06-25,,2018-04-04,,Ordinario
Rosella,Riddock,2005-04-13,Trablice,30-194-4265,,3 Corben Hill,rriddocks@ustream.tv,,242-511-5948,,,98-6432898,2018-04-21,,,,Ordinario
Nat,Strongman,2000-04-13,Göteborg,70-718-1385,,52788 Algoma Center,nstrongmant@fc2.com,,121-237-5079,,,68-0454301,2018-06-18,,,,Ordinario
Sapphira,Shackel,1997-12-18,Shikhazany,61-005-8164,,361 Bartillon Alley,sshackelu@dot.gov,,550-636-2990,,,88-1684377,2018-01-14,,,,Ordinario
Brandy,Levick,1994-11-29,Ulricehamn,03-517-4478,,12386 Briar Crest Junction,blevickv@gravatar.com,,133-315-0459,,,80-4598630,2018-09-22,,,,Ordinario
Morty,Irwin,1975-07-28,El Espino,91-413-2266,,8418 Mccormick Place,mirwinw@jimdo.com,,202-746-3375,,,55-9598890,2018-05-01,,,,Ordinario
Nefen,Castillon,1980-08-31,Balagon,68-907-3160,,91 Scofield Court,ncastillonx@pagesperso-orange.fr,,650-513-8771,,,79-6011341,2018-05-07,,,,Ordinario
Stanly,Roch,1966-03-13,Kudahuvadhoo,87-896-6590,,5704 David Crossing,srochy@4shared.com,,972-508-7840,,,72-6116517,2018-10-05,,,,Ordinario
Glennie,Annear,2000-04-19,Miguel Aleman,39-179-3551,,71 East Crossing,gannearz@issuu.com,,178-614-1071,,,94-9098128,2018-05-20,,,,Ordinario
Angelle,Ramas,1975-10-18,Brusy,16-340-0906,,3 Thierer Drive,aramas10@oracle.com,,559-129-6405,,,69-5650399,2018-03-13,,,,Ordinario
Rodney,Edscer,1960-03-01,Boskovice,09-807-1145,,46933 Green Point,redscer11@technorati.com,redscer11@wikispaces.com,367-620-6857,398-786-1674,,56-6872675,2018-08-12,,2018-10-06,,Ordinario
Rutter,Lynn,1996-04-24,Roermond,35-758-1598,,29 Westerfield Drive,rlynn12@mozilla.org,,388-303-7941,,,08-0247420,2018-10-03,,,,Ordinario
Rhett,Zavattari,2013-05-10,San José de Cusmapa,58-827-9844,,4765 Namekagon Parkway,rzavattari13@uiuc.edu,,770-412-7760,,,91-3369458,2018-01-05,,,,Ordinario
Revkah,Lynds,1968-06-14,Monticello,03-277-8767,,1555 Gateway Trail,rlynds14@issuu.com,,763-441-3942,,,51-7979322,2018-05-07,,,,Ordinario
Waylin,Dealy,2005-01-01,Tashtagol,88-650-3703,,4 Paget Center,wdealy15@ehow.com,,719-458-9403,,,26-8606559,2018-06-03,,,,Ordinario
Rowan,Bockmann,1985-10-19,Guingamp,60-613-2753,,49 Troy Avenue,rbockmann16@acquirethisname.com,,325-169-9694,,,99-8951771,2018-08-14,,,,Ordinario
Lorant,Geroldo,1967-04-22,Nice,75-081-7003,Meembee,5 Victoria Terrace,lgeroldo17@arizona.edu,lgeroldo17@technorati.com,809-197-4903,773-673-1080,,33-4954197,2018-02-21,2018-07-15,2018-03-03,Duis aliquam convallis nunc. Proin at turpis a pede posuere nonummy. Integer non velit.,Ordinario
Erma,Goor,1973-08-23,Agraharam,16-626-0662,Yacero,6 Wayridge Street,egoor18@de.vu,,103-428-0231,,,21-1328658,2018-04-27,2018-01-01,,Nullam sit amet turpis elementum ligula vehicula consequat. Morbi a ipsum. Integer a nibh.,Ordinario
Arnuad,Iaduccelli,1988-04-02,Birsa,25-012-6733,,601 Boyd Way,aiaduccelli19@jimdo.com,,365-433-8818,,,13-4518920,2018-06-30,,,,Ordinario
Isidoro,Stranger,1998-12-29,Sandefjord,66-046-2347,Janyx,16 Karstens Park,istranger1a@twitter.com,,563-494-6574,,,96-1096963,2018-06-07,2018-03-12,,Integer tincidunt ante vel ipsum. Praesent blandit lacinia erat. Vestibulum sed magna at nunc commodo placerat.,Ordinario
Jdavie,Diter,1992-12-29,Pakemitan,48-909-9812,Bubblemix,397 Pawling Lane,jditer1b@washington.edu,,978-194-8059,,,94-7135668,2018-02-02,2018-01-11,,"Cras mi pede, malesuada in, imperdiet et, commodo vulputate, justo. In blandit ultrices enim. Lorem ipsum dolor sit amet, consectetuer adipiscing elit.

Proin interdum mauris non ligula pellentesque ultrices. Phasellus id sapien in sapien iaculis congue. Vivamus metus arcu, adipiscing molestie, hendrerit at, vulputate vitae, nisl.",Ordinario
Erik,Rubbens,1968-12-30,Mŭynoq,86-277-9719,,055 Morrow Lane,erubbens1c@wufoo.com,,456-322-9935,,,20-4115287,2018-04-20,,,,Ordinario
Robby,Marzelli,1975-08-23,Bronx,45-835-4958,,4 Lien Alley,rmarzelli1d@ox.ac.uk,,347-144-5623,,,62-6571938,2018-06-13,,,,Ordinario
Nonah,Puttick,1964-09-09,Preserje pri Radomljah,90-415-5168,,967 Laurel Parkway,nputtick1e@cmu.edu,,339-318-7458,,,35-5103985,2018-09-20,,,,Ordinario
Ronny,Colquite,2012-02-12,Yelyzavethradka,35-717-3625,Thoughtblab,596 Carey Circle,rcolquite1f@paginegialle.it,rcolquite1f@webnode.com,129-927-8138,224-685-7236,,47-7385613,2018-06-02,2018-03-19,2018-06-04,Nullam porttitor lacus at turpis. Donec posuere metus vitae ipsum. Aliquam non mauris.,Ordinario
Gunter,Fisby,1978-02-20,Nassarawa,07-127-0287,,95 Kingsford Center,gfisby1g@biglobe.ne.jp,,310-935-3555,,,18-3392286,2018-02-03,,,,Ordinario
Berne,Gibling,1967-11-10,Zhiqing Songduo,26-873-0370,Mynte,03 Pennsylvania Center,bgibling1h@sphinn.com,,940-453-1513,,,76-7430748,2018-02-26,2018-05-03,,"Fusce posuere felis sed lacus. Morbi sem mauris, laoreet ut, rhoncus aliquet, pulvinar sed, nisl. Nunc rhoncus dui vel sem.

Sed sagittis. Nam congue, risus semper porta volutpat, quam pede lobortis ligula, sit amet eleifend pede libero quis orci. Nullam molestie nibh in lectus.

Pellentesque at nulla. Suspendisse potenti. Cras in purus eu magna vulputate luctus.",Ordinario
Ezequiel,Cosgrove,1988-07-30,Dongxiang,60-491-1193,Skyvu,793 Maryland Place,ecosgrove1i@economist.com,,106-596-4908,,,06-7127740,2018-09-14,2018-04-01,,"Aenean fermentum. Donec ut mauris eget massa tempor convallis. Nulla neque libero, convallis eget, eleifend luctus, ultricies eu, nibh.

Quisque id justo sit amet sapien dignissim vestibulum. Vestibulum ante ipsum primis in faucibus orci luctus et ultrices posuere cubilia Curae; Nulla dapibus dolor vel est. Donec odio justo, sollicitudin ut, suscipit a, feugiat et, eros.

Vestibulum ac est lacinia nisi venenatis tristique. Fusce congue, diam id ornare imperdiet, sapien urna pretium nisl, ut volutpat sapien arcu sed augue. Aliquam erat volutpat.",Ordinario
Gawain,Stern,1979-07-18,Ichihara,97-830-8785,,96372 Pawling Road,gstern1j@tuttocitta.it,,565-144-1178,,,01-8603594,2018-05-01,,,,Ordinario
Jourdan,Pockett,1963-04-23,Chuangwang,70-540-0229,,62 Claremont Pass,jpockett1k@spotify.com,jpockett1k@netscape.com,968-499-1954,741-299-2177,,14-5285131,2018-06-19,,2018-02-03,,Ordinario
Milli,Sheryn,2004-02-12,Xingxi,50-790-1030,,9090 Hayes Road,msheryn1l@lycos.com,,596-480-2355,,344638441293687,94-6431098,2018-01-27,,,,Ordinario
Ramon,Trevor,2003-03-24,Shaheying,56-338-1150,,57 Kingsford Parkway,rtrevor1m@blog.com,,136-788-3234,,,99-0499289,2018-08-22,,,,Ordinario
Ilka,Dulany,2000-01-06,Ōnojō,13-032-6039,,8401 Johnson Road,idulany1n@java.com,,129-415-8031,,,76-5033880,2018-03-11,,,,Ordinario
Zulema,Oscroft,1982-07-26,Villa Santa Rita,61-965-5009,Fivebridge,97906 Caliangt Avenue,zoscroft1o@ezinearticles.com,,394-385-9526,,,56-9280697,2018-05-20,2018-08-20,,"Proin eu mi. Nulla ac enim. In tempor, turpis nec euismod scelerisque, quam turpis adipiscing lorem, vitae mattis nibh ligula nec sem.

Duis aliquam convallis nunc. Proin at turpis a pede posuere nonummy. Integer non velit.

Donec diam neque, vestibulum eget, vulputate ut, ultrices vel, augue. Vestibulum ante ipsum primis in faucibus orci luctus et ultrices posuere cubilia Curae; Donec pharetra, magna vestibulum aliquet ultrices, erat tortor sollicitudin mi, sit amet lobortis sapien sapien non mi. Integer ac neque.",Ordinario
Fania,Fiddy,1963-01-31,Anding,38-884-6213,,6279 Macpherson Junction,ffiddy1p@edublogs.org,,759-361-1732,,,77-7998394,2018-09-19,,,,Ordinario
Temple,Oxtiby,2016-06-07,Uničov,99-632-5857,,127 Eastwood Park,toxtiby1q@nba.com,,766-330-3678,,,89-9339091,2018-01-05,,,,Ordinario
Maurine,Lace,1966-11-16,Pavlovskiy Posad,35-279-4781,,724 Duke Road,mlace1r@cisco.com,,430-560-8089,,,63-8650891,2018-05-07,,,,Ordinario
Prudy,Goodricke,1983-04-08,Parion,61-460-5087,,1 Bonner Drive,pgoodricke1s@pinterest.com,,498-267-5842,,,61-3453093,2018-08-11,,,,Ordinario
Marlin,Gowdridge,1993-11-27,Getengan,75-170-3030,,3 Westerfield Junction,mgowdridge1t@pinterest.com,,745-132-9022,,,39-4568794,2018-09-05,,,,Ordinario
Ruttger,Mc Caughan,1982-05-22,Lidingö,33-923-0260,,91 Lien Drive,rmccaughan1u@va.gov,,838-403-3822,,,22-4786830,2018-03-16,,,,Ordinario
Kendal,Fashion,1998-02-13,Koppies,53-293-8463,,2 Independence Hill,kfashion1v@sciencedirect.com,,843-321-5503,,379950933795832,29-9593482,2018-08-23,,,,Ordinario
Bryant,Morphew,2006-10-08,Zoumaling,24-508-9087,,80 Annamark Pass,bmorphew1w@walmart.com,bmorphew1w@unicef.org,652-744-8809,983-156-9842,,30-9033766,2018-06-13,,2018-06-09,,Ordinario
Jeanne,Plumbley,2011-03-10,Xiantang,34-514-7449,,031 Ilene Center,jplumbley1x@php.net,,942-243-9008,,,10-8969606,2018-03-11,,,,Ordinario
Guillaume,Pittendreigh,1962-07-24,Auriflama,59-213-0569,,71 Monterey Plaza,gpittendreigh1y@craigslist.org,,223-915-1905,,,61-9060128,2018-02-08,,,,Ordinario
Druci,Colson,1974-05-02,Mežica,40-246-6582,,91 Mifflin Pass,dcolson1z@alibaba.com,,753-929-2417,,,74-1751196,2018-05-31,,,,Ordinario
Hieronymus,Lobbe,1973-05-11,Quintas,53-714-1534,,540 Golf Course Place,hlobbe20@biblegateway.com,,113-238-4087,,,71-4429759,2018-07-30,,,,Ordinario
Delcina,Cammidge,1977-08-01,Yelkhovka,31-477-7724,Jetpulse,08 Briar Crest Junction,dcammidge21@liveinternet.ru,,229-278-5469,,,64-3006574,2018-03-04,2018-07-10,,"Vestibulum quam sapien, varius ut, blandit non, interdum in, ante. Vestibulum ante ipsum primis in faucibus orci luctus et ultrices posuere cubilia Curae; Duis faucibus accumsan odio. Curabitur convallis.",Ordinario
Clair,Eilhertsen,2008-02-27,Ravne na Koroškem,90-165-2088,Jabbertype,090 Caliangt Park,ceilhertsen22@spiegel.de,,141-937-3762,,,74-6496388,2018-04-25,2018-04-06,,"Proin interdum mauris non ligula pellentesque ultrices. Phasellus id sapien in sapien iaculis congue. Vivamus metus arcu, adipiscing molestie, hendrerit at, vulputate vitae, nisl.

Aenean lectus. Pellentesque eget nunc. Donec quis orci eget orci vehicula condimentum.",Ordinario
Pren,Dann,2005-09-10,Bojongsari,10-663-7913,,8 Summit Alley,pdann23@taobao.com,,729-969-7261,,,70-0588375,2018-06-06,,,,Ordinario
Drona,Sterland,2012-06-26,Tenggina Daya,33-923-7162,,687 Village Point,dsterland24@paypal.com,,109-535-8241,,,79-9318945,2018-05-19,,,,Ordinario
Dahlia,Deighan,2011-03-10,Umingan,91-637-3916,,139 Westport Terrace,ddeighan25@twitpic.com,,682-869-6937,,,01-3841706,2018-09-25,,,,Ordinario
Leona,Bigly,1962-08-23,Ilagan,34-296-8075,,61 Colorado Parkway,lbigly26@nih.gov,,383-142-9601,,,81-4814008,2018-01-20,,,,Ordinario
Faustine,Letterese,1981-02-27,Bhairab Bāzār,34-294-9399,Realmix,3178 Pleasure Center,fletterese27@paginegialle.it,fletterese27@jiathis.com,923-231-8701,731-736-7981,,65-8911381,2018-08-03,2018-06-04,2018-02-18,"Vestibulum quam sapien, varius ut, blandit non, interdum in, ante. Vestibulum ante ipsum primis in faucibus orci luctus et ultrices posuere cubilia Curae; Duis faucibus accumsan odio. Curabitur convallis.

Duis consequat dui nec nisi volutpat eleifend. Donec ut dolor. Morbi vel lectus in quam fringilla rhoncus.

Mauris enim leo, rhoncus sed, vestibulum sit amet, cursus id, turpis. Integer aliquet, massa id lobortis convallis, tortor risus dapibus augue, vel accumsan tellus nisi eu orci. Mauris lacinia sapien quis libero.",Ordinario
Eda,McKinn,1979-12-19,Barretos,95-000-5072,,740 Graedel Terrace,emckinn28@house.gov,,745-473-2804,,,49-8836430,2018-06-09,,,,Ordinario
Issie,Jessopp,1994-12-16,Pinrang,38-450-1777,,536 Merchant Center,ijessopp29@elegantthemes.com,,992-838-1509,,,16-6535724,2018-03-21,,,,Ordinario
Hashim,Smail,1976-11-06,Aglalana,87-430-8632,Gigaclub,56 Vahlen Circle,hsmail2a@yandex.ru,,177-241-0324,,,30-5460443,2018-01-13,2018-07-14,,"Praesent blandit. Nam nulla. Integer pede justo, lacinia eget, tincidunt eget, tempus vel, pede.

Morbi porttitor lorem id ligula. Suspendisse ornare consequat lectus. In est risus, auctor sed, tristique in, tempus sit amet, sem.

Fusce consequat. Nulla nisl. Nunc nisl.",Ordinario
Massimo,Di Pietro,2003-03-10,Mpumalanga,08-791-7362,,0 Lakeland Drive,mdipietro2b@phoca.cz,,182-740-5061,,,40-5587259,2018-06-30,,,,Ordinario
Emelita,Wolfindale,2013-01-07,Putou,05-605-6556,,67 Village Green Place,ewolfindale2c@blinklist.com,,959-780-6251,,,01-5911843,2018-05-30,,,,Ordinario
Stacia,Elion,2005-09-27,Sergelen,77-561-7979,,857 Jana Point,selion2d@ucsd.edu,,719-682-7665,,,89-9843145,2018-02-22,,,,Ordinario
Drew,Domke,2009-07-28,Las Varillas,36-755-6032,,14 Calypso Street,ddomke2e@fema.gov,,593-554-9667,,,42-2464107,2018-02-28,,,,Ordinario
Paule,Sowray,1993-09-27,Chemnitz,73-550-8009,,00846 Memorial Lane,psowray2f@ft.com,,869-112-2061,,,34-4813780,2018-07-28,,,,Ordinario
Angy,Le Huquet,1961-08-31,Demba,34-289-0117,Mycat,72 Schiller Point,alehuquet2g@lulu.com,,432-444-8038,,,13-8529673,2018-09-07,2018-01-14,,"Fusce posuere felis sed lacus. Morbi sem mauris, laoreet ut, rhoncus aliquet, pulvinar sed, nisl. Nunc rhoncus dui vel sem.",Ordinario
Jeremie,Brandino,2010-07-20,Magarao,13-946-7847,,4331 Kings Center,jbrandino2h@craigslist.org,,889-197-5302,,,81-4403017,2018-09-11,,,,Ordinario
Jade,Ponter,2017-03-19,Khao Yoi,16-840-5196,,3 Shopko Trail,jponter2i@naver.com,,657-563-5411,,,98-2887128,2018-09-26,,,,Ordinario
Skelly,Le Noire,2005-10-23,Hegarmanah,30-428-2213,,92777 Fairview Hill,slenoire2j@wikimedia.org,,477-781-5815,,,26-3128221,2018-07-06,,,,Ordinario
Eduino,Collinson,1986-07-24,Iktābah,67-865-5571,,27320 Crest Line Court,ecollinson2k@netscape.com,,326-161-5530,,,65-2424243,2018-07-13,,,,Ordinario
Mady,Davenhill,1984-04-25,Yatsushiro,32-018-5747,,55 Parkside Plaza,mdavenhill2l@fema.gov,,996-691-4054,,,99-4645440,2018-09-01,,,,Ordinario
Jorge,Lys,1978-07-19,Daping,71-126-9820,,19993 Eagan Alley,jlys2m@instagram.com,,464-994-1369,,,23-3486828,2018-02-26,,,,Ordinario
Rori,Kerwen,1966-12-21,Castlepollard,30-460-8015,,902 Anderson Hill,rkerwen2n@businessinsider.com,,905-602-1522,,,53-9676689,2018-01-08,,,,Ordinario
Catharine,Poznanski,2008-06-24,Sepanjang,12-102-5137,,55785 Clyde Gallagher Street,cpoznanski2o@nyu.edu,,104-591-9324,,,67-1154890,2018-04-20,,,,Ordinario
Montague,Siene,1969-03-12,Nārang,43-002-4435,,493 Anniversary Center,msiene2p@sogou.com,,525-359-1923,,,12-4377429,2018-09-16,,,,Ordinario
Roana,Ickeringill,2007-11-27,El Tablón,04-685-5865,,0726 Hayes Street,rickeringill2q@cmu.edu,,376-380-5113,,,64-4416921,2018-01-23,,,,Ordinario
Marieann,Scholar,1984-05-14,Gjøvik,91-401-3767,,1663 Sunbrook Point,mscholar2r@wp.com,,278-248-1297,,,30-1410073,2018-09-14,,,,Ordinario
